exp,dataset,protocol,model,imb,seed,n_train,n_test,n,n_fraud,prevalence,pr_auc,roc_auc,f1_at_0.5,recall@0.005,value_recall@0.005,precision@0.005,recall@0.01,value_recall@0.01,precision@0.01,val_pr_auc,reported_n,reported_n_fraud,reported_prevalence,reported_pr_auc,reported_roc_auc,reported_f1_at_0.5,reported_recall@0.005,reported_value_recall@0.005,reported_precision@0.005,reported_recall@0.01,reported_value_recall@0.01,reported_precision@0.01
rolling,ieee,random_w1,lr,weight,0,283010,84938,84938,3262,0.03840448327014999,0.5067994958757587,0.8748734306739774,0.4602739726027397,0.12630288166768852,0.07083504933209898,0.9694117647058823,0.23605150214592274,0.15491778016012098,0.9058823529411765,0.5063251341519072,,,,,,,,,,,,
rolling,ieee,random_w0,lr,weight,0,319927,98305,98305,3467,0.03526778902395605,0.4845794961132861,0.869302815732295,0.44082474226804125,0.13729449091433515,0.08644922892386818,0.967479674796748,0.24891837323334295,0.17274505985950703,0.8770325203252033,0.47943290887299467,,,,,,,,,,,,
rolling,ieee,chrono_w2,lr,weight,0,278000,87370,87370,3058,0.035000572278814236,0.39567730168571985,0.8425342619313447,0.39063210550250116,0.1249182472204055,0.059340273218196814,0.8741418764302059,0.21909744931327665,0.1382632208015072,0.7665903890160183,0.3595238023269414,,,,,,,,,,,,
rolling,ieee,random_w2,lr,weight,0,278000,87370,87370,3262,0.037335469840906486,0.49542405721953325,0.8718972095729187,0.48157148643175374,0.12783568362967504,0.06272969221330556,0.954233409610984,0.24064990803188227,0.14792181861228032,0.8981693363844394,0.47643483428462297,,,,,,,,,,,,
rolling,ieee,chrono_w1,lr,weight,0,283010,84938,84938,2857,0.0336362994183993,0.41517678964165455,0.8547049448328948,0.42909344005568123,0.1295064753237662,0.0494547175338964,0.8705882352941177,0.21981099054952746,0.11971434387989092,0.7388235294117647,0.5252628211902785,,,,,,,,,,,,
rolling,ieee,chrono_w0,lr,weight,0,319927,98305,98305,3866,0.03932658562636692,0.4351753933134163,0.8465282530151491,0.38879293801573594,0.12002069322296947,0.05997962558033547,0.943089430894309,0.2157268494568029,0.1108846747090555,0.8475609756097561,0.4627795667801115,,,,,,,,,,,,
timefeat,ulb,chrono,lgbm,weight,2,227845,56962,56962,75,0.001316667251852112,0.8020061403733671,0.9877706095710209,0.8321167883211679,0.8266666666666667,0.773434973076336,0.21754385964912282,0.84,0.7738412215399665,0.11052631578947368,0.8506286452070287,,,,,,,,,,,,
timefeat,ulb,chrono,lgbm,weight,3,227845,56962,56962,75,0.001316667251852112,0.8033655816416255,0.9893578497723557,0.8153846153846154,0.8266666666666667,0.6910972072358804,0.21754385964912282,0.88,0.7422858074382283,0.11578947368421053,0.8487370429285788,,,,,,,,,,,,
timefeat,ulb,chrono,lgbm,weight,4,227845,56962,56962,75,0.001316667251852112,0.8029999107467489,0.9895997328036282,0.8244274809160306,0.84,0.7731619844590557,0.22105263157894736,0.88,0.7780395535924527,0.11578947368421053,0.8475764516881434,,,,,,,,,,,,
timefeat,ulb,chrono,lgbm,weight,0,227845,56962,56962,75,0.001316667251852112,0.8064311194180391,0.9903371010365579,0.8031496062992126,0.8266666666666667,0.7728773517775311,0.21754385964912282,0.88,0.7780395535924526,0.11578947368421053,0.8500377507999216,,,,,,,,,,,,
timefeat,ulb,chrono,lgbm,weight,1,227845,56962,56962,75,0.001316667251852112,0.7998324099714419,0.9884777424250414,0.7751937984496124,0.84,0.8191883828464821,0.22105263157894736,0.8933333333333333,0.8243505846614037,0.11754385964912281,0.8593577506049597,,,,,,,,,,,,
timefeat,ulb,chrono,xgb,weight,2,227845,56962,56962,75,0.001316667251852112,0.788030021079317,0.9862069248393013,0.7832167832167832,0.84,0.6921322351686967,0.22105263157894736,0.8666666666666667,0.6937248844003178,0.11403508771929824,0.849216795925909,,,,,,,,,,,,
timefeat,ulb,chrono,xgb,weight,3,227845,56962,56962,75,0.001316667251852112,0.8022571427771892,0.9849459454708457,0.7943262411347518,0.8533333333333334,0.7397797460558965,0.22456140350877193,0.88,0.8227579354297824,0.11578947368421053,0.8576063920978755,,,,,,,,,,,,
timefeat,ulb,chrono,xgb,weight,4,227845,56962,56962,75,0.001316667251852112,0.7883445449475738,0.9814178986411658,0.7702702702702703,0.8266666666666667,0.773434973076336,0.21754385964912282,0.88,0.8239443361977732,0.11578947368421053,0.860904367681826,,,,,,,,,,,,
timefeat,ulb,chrono,xgb,weight,0,227845,56962,56962,75,0.001316667251852112,0.803518026029494,0.9883413316457773,0.7846153846153846,0.8266666666666667,0.6910972072358804,0.21754385964912282,0.88,0.7422858074382281,0.11578947368421053,0.8444139123123473,,,,,,,,,,,,
timefeat,ulb,chrono,xgb,weight,1,227845,56962,56962,75,0.001316667251852112,0.7911280203026896,0.9852870896103972,0.8142857142857143,0.8133333333333334,0.7718423238447147,0.21403508771929824,0.84,0.7756848650452955,0.11052631578947368,0.8571017387266548,,,,,,,,,,,,
timefeat,ulb,chrono,rf,weight,2,227845,56962,56962,75,0.001316667251852112,0.790097809815187,0.9837037167249695,0.8125,0.8266666666666667,0.7718423238447147,0.21754385964912282,0.8266666666666667,0.7718423238447147,0.10877192982456141,0.8524821808005043,,,,,,,,,,,,
timefeat,ulb,chrono,rf,weight,3,227845,56962,56962,75,0.001316667251852112,0.7949927583337322,0.9860084026227434,0.7941176470588235,0.8266666666666667,0.6917764443167911,0.21754385964912282,0.8666666666666667,0.6937248844003177,0.11403508771929824,0.8402988051234552,,,,,,,,,,,,
timefeat,ulb,chrono,rf,weight,4,227845,56962,56962,75,0.001316667251852112,0.7913622552945857,0.9838550108109059,0.8307692307692308,0.8133333333333334,0.6897775466215395,0.21403508771929824,0.8533333333333334,0.6928114722496074,0.11228070175438597,0.8471051325657262,,,,,,,,,,,,
timefeat,ulb,chrono,rf,weight,0,227845,56962,56962,75,0.001316667251852112,0.8128066357873739,0.9652672842652978,0.7945205479452054,0.8533333333333334,0.7409661468238873,0.22456140350877193,0.8933333333333333,0.8243505846614035,0.11754385964912281,0.8451500777503996,,,,,,,,,,,,
timefeat,ulb,chrono,rf,weight,1,227845,56962,56962,75,0.001316667251852112,0.7943852223399351,0.9871554719590299,0.8181818181818182,0.8133333333333334,0.6913701958531606,0.21403508771929824,0.8533333333333334,0.6946551157549364,0.11228070175438597,0.8399917329306479,,,,,,,,,,,,
timefeat,ulb,chrono,lr,weight,2,227845,56962,56962,75,0.001316667251852112,0.7887086800259889,0.9857436672702024,0.13510747185261002,0.8666666666666667,0.6937248844003177,0.22807017543859648,0.88,0.6959747763692772,0.11578947368421053,0.8430157400788735,,,,,,,,,,,,
timefeat,ulb,chrono,lr,weight,3,227845,56962,56962,75,0.001316667251852112,0.7877227994724807,0.9855736225616866,0.1542056074766355,0.8666666666666667,0.6937248844003177,0.22807017543859648,0.88,0.6959747763692772,0.11578947368421053,0.8431509907103268,,,,,,,,,,,,
timefeat,ulb,chrono,lr,weight,4,227845,56962,56962,75,0.001316667251852112,0.7879792739795887,0.9856072564909382,0.15,0.8666666666666667,0.6937248844003177,0.22807017543859648,0.88,0.6959747763692772,0.11578947368421053,0.8431794045896747,,,,,,,,,,,,
timefeat,ulb,chrono,lr,weight,0,227845,56962,56962,75,0.001316667251852112,0.7890052792932841,0.9857263229443165,0.13622291021671826,0.8666666666666667,0.6937248844003177,0.22807017543859648,0.88,0.6959747763692772,0.11578947368421053,0.84301540446988,,,,,,,,,,,,
timefeat,ulb,chrono,lr,weight,1,227845,56962,56962,75,0.001316667251852112,0.7889431811980191,0.9857788246875384,0.1350806451612903,0.8666666666666667,0.6937248844003177,0.22807017543859648,0.88,0.6959747763692772,0.11578947368421053,0.8431265027167543,,,,,,,,,,,,
timefeat,ulb,random,lgbm,weight,2,227845,56962,56962,98,0.0017204452090867595,0.8839271725818703,0.9914497031226671,0.8648648648648649,0.8979591836734694,0.7555780924880208,0.3087719298245614,0.9183673469387755,0.8139888192072754,0.15789473684210525,0.9302363425143135,,,,,,,,,,,,
timefeat,ulb,random,lgbm,weight,3,227845,56962,56962,98,0.0017204452090867595,0.853226792230171,0.9879303859979557,0.8804347826086957,0.8775510204081632,0.8473296284316896,0.3017543859649123,0.8877551020408163,0.8475494581966397,0.15263157894736842,0.6776327395354201,,,,,,,,,,,,
timefeat,ulb,random,lgbm,weight,4,227845,56962,56962,98,0.0017204452090867595,0.8371421351325361,0.9101344920354186,0.83,0.8469387755102041,0.6928154504040519,0.2912280701754386,0.8469387755102041,0.6928154504040519,0.1456140350877193,0.8495191092064514,,,,,,,,,,,,
timefeat,ulb,random,lgbm,weight,0,227845,56962,56962,98,0.0017204452090867595,0.8415349566824675,0.9873900706878136,0.8268156424581006,0.8571428571428571,0.7321750993058619,0.29473684210526313,0.8673469387755102,0.7958010672872446,0.14912280701754385,0.9410277202715434,,,,,,,,,,,,
timefeat,ulb,random,lgbm,weight,1,227845,56962,56962,98,0.0017204452090867595,0.8811678073861339,0.9850186768573496,0.9052631578947369,0.8979591836734694,0.7049789086631918,0.3087719298245614,0.9081632653061225,0.7257909359730684,0.156140350877193,0.8640866261753724,,,,,,,,,,,,
timefeat,ulb,random,xgb,weight,2,227845,56962,56962,98,0.0017204452090867595,0.8764399649495084,0.9912670259437483,0.8512820512820513,0.8979591836734694,0.7295172766564443,0.3087719298245614,0.9183673469387755,0.7574523154277673,0.15789473684210525,0.934277271764445,,,,,,,,,,,,
timefeat,ulb,random,xgb,weight,3,227845,56962,56962,98,0.0017204452090867595,0.8650485858986323,0.9819128059214681,0.8743169398907104,0.8877551020408163,0.8475494581966397,0.30526315789473685,0.8979591836734694,0.8480388244568314,0.1543859649122807,0.6883840352457622,,,,,,,,,,,,
timefeat,ulb,random,xgb,weight,4,227845,56962,56962,98,0.0017204452090867595,0.840585258796633,0.9824288061454182,0.837696335078534,0.8571428571428571,0.6926421327760883,0.29473684210526313,0.8877551020408163,0.7108486978178407,0.15263157894736842,0.8475099003444253,,,,,,,,,,,,
timefeat,ulb,random,xgb,weight,0,227845,56962,56962,98,0.0017204452090867595,0.8463345418366626,0.9898503805714745,0.850828729281768,0.8571428571428571,0.732175099305862,0.29473684210526313,0.8673469387755102,0.7326856718693576,0.14912280701754385,0.9441482283130362,,,,,,,,,,,,
timefeat,ulb,random,xgb,weight,1,227845,56962,56962,98,0.0017204452090867595,0.9034744436735134,0.9887075715204483,0.8969072164948454,0.9183673469387755,0.7808114374637309,0.3157894736842105,0.9285714285714286,0.7827605320065264,0.15964912280701754,0.8611611457776676,,,,,,,,,,,,
timefeat,ulb,random,rf,weight,2,227845,56962,56962,98,0.0017204452090867595,0.8568121915725472,0.9874027217105188,0.7981220657276995,0.9081632653061225,0.7556394101563035,0.312280701754386,0.9183673469387755,0.9271570305144148,0.15789473684210525,0.9231213031389245,,,,,,,,,,,,
timefeat,ulb,random,rf,weight,3,227845,56962,56962,98,0.0017204452090867595,0.8595946774542099,0.9716947274126309,0.8617021276595744,0.8775510204081632,0.8469893823623719,0.3017543859649123,0.8877551020408163,0.8474787486225634,0.15263157894736842,0.6862579297715075,,,,,,,,,,,,
timefeat,ulb,random,rf,weight,4,227845,56962,56962,98,0.0017204452090867595,0.841666051031751,0.9528549320684943,0.8449197860962567,0.8673469387755102,0.7227977572206096,0.2982456140350877,0.8775510204081632,0.723055680136157,0.15087719298245614,0.8403248389319411,,,,,,,,,,,,
timefeat,ulb,random,rf,weight,0,227845,56962,56962,98,0.0017204452090867595,0.8434810405965787,0.977031485075741,0.8415300546448088,0.8673469387755102,0.7329775709184285,0.2982456140350877,0.8775510204081632,0.7329775709184285,0.15087719298245614,0.9372657501894769,,,,,,,,,,,,
timefeat,ulb,random,rf,weight,1,227845,56962,56962,98,0.0017204452090867595,0.8851277295116888,0.9745294537342231,0.8795811518324608,0.9081632653061225,0.7257909359730684,0.312280701754386,0.9081632653061225,0.7257909359730684,0.156140350877193,0.8468796559156769,,,,,,,,,,,,
timefeat,ulb,random,lr,weight,2,227845,56962,56962,98,0.0017204452090867595,0.8020535113149995,0.9911252627105991,0.8235294117647058,0.8979591836734694,0.8136757763744639,0.3087719298245614,0.9081632653061225,0.8137370940427465,0.156140350877193,0.883414456462718,,,,,,,,,,,,
timefeat,ulb,random,lr,weight,3,227845,56962,56962,98,0.0017204452090867595,0.753144482326602,0.9788299042182996,0.6666666666666666,0.8979591836734694,0.8480388244568315,0.3087719298245614,0.8979591836734694,0.8480388244568315,0.1543859649122807,0.6239169987905618,,,,,,,,,,,,
timefeat,ulb,random,lr,weight,4,227845,56962,56962,98,0.0017204452090867595,0.7278962095537703,0.9825774780930943,0.7920792079207921,0.8469387755102041,0.6923332824058787,0.2912280701754386,0.8877551020408163,0.6951441493390108,0.15263157894736842,0.7480687666129412,,,,,,,,,,,,
timefeat,ulb,random,lr,weight,0,227845,56962,56962,98,0.0017204452090867595,0.7191659092356645,0.9712928555637225,0.7708333333333334,0.8469387755102041,0.7329775709184286,0.2912280701754386,0.8571428571428571,0.7329775709184286,0.14736842105263157,0.8221584129312792,,,,,,,,,,,,
timefeat,ulb,random,lr,weight,1,227845,56962,56962,98,0.0017204452090867595,0.8033112402927726,0.9872676877447658,0.8114285714285714,0.8979591836734694,0.7255203006827471,0.3087719298245614,0.9081632653061225,0.7257909359730685,0.156140350877193,0.6910994784362939,,,,,,,,,,,,
smote,ulb,random,lgbm,smote,2,227845,56962,56962,98,0.0017204452090867595,0.8062608583638952,0.9800045651350016,0.4712328767123288,0.8877551020408163,0.7214499692201443,0.30526315789473685,0.8979591836734694,0.779799378271116,0.1543859649122807,0.9286465453561223,,,,,,,,,,,,
smote,ulb,random,lgbm,smote,3,227845,56962,56962,98,0.0017204452090867595,0.864289652317351,0.9764904519770767,0.7887323943661971,0.8673469387755102,0.8467695525974217,0.2982456140350877,0.8775510204081632,0.8471259008469747,0.15087719298245614,0.6850597216821124,,,,,,,,,,,,
smote,ulb,random,lgbm,smote,4,227845,56962,56962,98,0.0017204452090867595,0.8515311399729798,0.9845108414778405,0.82,0.8673469387755102,0.7389195822634461,0.2982456140350877,0.8877551020408163,0.7401886615772069,0.15263157894736842,0.8466504329404789,,,,,,,,,,,,
smote,ulb,random,lgbm,smote,0,227845,56962,56962,98,0.0017204452090867595,0.8460127211112175,0.9874849982198844,0.784688995215311,0.8673469387755102,0.772512338001043,0.2982456140350877,0.8775510204081632,0.79631163985074,0.15087719298245614,0.9408669216561459,,,,,,,,,,,,
smote,ulb,random,lgbm,smote,1,227845,56962,56962,98,0.0017204452090867595,0.9034780511575086,0.9887890405177265,0.7822222222222223,0.9285714285714286,0.7827605320065264,0.3192982456140351,0.9285714285714286,0.7827605320065264,0.15964912280701754,0.8631775552221622,,,,,,,,,,,,
smote,ulb,random,lgbm,smote_leaky,2,454904,113726,56961,98,0.0017204754130018785,0.9973767633681925,0.9999953342925549,0.9032258064516129,1.0,0.9999999999999999,0.34385964912280703,1.0,0.9999999999999999,0.17192982456140352,0.9999999839166861,113726.0,56863.0,0.5,0.9999984374456306,0.9999984542590428,0.999815379746279,0.010006506867383008,0.010006506867383008,1.0,0.020013013734766015,0.020013013734766015,1.0
smote,ulb,random,lgbm,smote_leaky,3,454904,113726,56982,119,0.002088378786283388,0.9974258959902513,0.9999948276093935,0.9296875,1.0,0.9999999999999998,0.41754385964912283,1.0,0.9999999999999998,0.20877192982456141,1.0,113726.0,56863.0,0.5,0.9999980188446742,0.9999980979778137,0.9998417498944999,0.010006506867383008,0.010006506867383008,1.0,0.020013013734766015,0.020013013734766015,1.0
smote,ulb,random,lgbm,smote_leaky,4,454904,113726,56952,89,0.0015627194830734653,0.4732901857621868,0.9933270523851235,0.5986394557823129,0.9887640449438202,0.9999310839597226,0.3087719298245614,0.9887640449438202,0.9999310839597226,0.1543859649122807,1.0,113726.0,56863.0,0.5,0.998307946892987,0.9990578943911917,0.9986732156507834,0.00896892531171412,0.00896892531171412,0.8963093145869947,0.01897543217909713,0.01897543217909713,0.9481546572934973
smote,ulb,random,lgbm,smote_leaky,0,454904,113726,56952,89,0.0015627194830734653,0.9983837327033398,0.9999974312397212,0.9270833333333334,1.0,1.0,0.312280701754386,1.0,1.0,0.156140350877193,1.0,113726.0,56863.0,0.5,0.9999990041982935,0.9999990209997999,0.9998769122560225,0.010006506867383008,0.010006506867383008,1.0,0.020013013734766015,0.020013013734766015,1.0
smote,ulb,random,lgbm,smote_leaky,1,454904,113726,56968,105,0.001843140008425783,0.9814164619375793,0.9999686799433559,0.8713692946058091,1.0,1.0000000000000002,0.3684210526315789,1.0,1.0000000000000002,0.18421052631578946,1.0,113726.0,56863.0,0.5,0.9999697023023303,0.9999735181296359,0.9997274892973619,0.010006506867383008,0.010006506867383008,1.0,0.020013013734766015,0.020013013734766015,1.0
smote,ulb,random,xgb,smote,2,227845,56962,56962,98,0.0017204452090867595,0.885704080534103,0.9883034565824078,0.8151658767772512,0.9081632653061225,0.7902370976733978,0.312280701754386,0.9081632653061225,0.7902370976733978,0.156140350877193,0.928610599353228,,,,,,,,,,,,
smote,ulb,random,xgb,smote,3,227845,56962,56962,98,0.0017204452090867595,0.8599407270553584,0.9795668935835449,0.691358024691358,0.8673469387755102,0.8467695525974217,0.2982456140350877,0.8775510204081632,0.8469893823623719,0.15087719298245614,0.6885115208656198,,,,,,,,,,,,
smote,ulb,random,xgb,smote,4,227845,56962,56962,98,0.0017204452090867595,0.8467181184219934,0.9806148648260654,0.8282828282828283,0.8571428571428571,0.7217866008223964,0.29473684210526313,0.8775510204081632,0.7399307386616595,0.15087719298245614,0.844743792627893,,,,,,,,,,,,
smote,ulb,random,xgb,smote,0,227845,56962,56962,98,0.0017204452090867595,0.8470524841634728,0.9872474102190116,0.8080808080808081,0.8673469387755102,0.7725123380010431,0.2982456140350877,0.8775510204081632,0.7963116398507402,0.15087719298245614,0.9410116833962544,,,,,,,,,,,,
smote,ulb,random,xgb,smote,1,227845,56962,56962,98,0.0017204452090867595,0.896498460991967,0.9896611535722899,0.7927927927927928,0.9183673469387755,0.7808114374637309,0.3157894736842105,0.9285714285714286,0.7827605320065264,0.15964912280701754,0.8624637934089726,,,,,,,,,,,,
smote,ulb,random,xgb,smote_leaky,2,454904,113726,56961,98,0.0017204754130018785,0.9985334948027351,0.9999974876959912,0.9116279069767442,1.0,0.9999999999999999,0.34385964912280703,1.0,0.9999999999999999,0.17192982456140352,0.99999998515534,113726.0,56863.0,0.5,0.9999995050231093,0.9999995111957618,0.9998329596905359,0.010006506867383008,0.010006506867383008,1.0,0.020013013734766015,0.020013013734766015,1.0
smote,ulb,random,xgb,smote_leaky,3,454904,113726,56982,119,0.002088378786283388,0.9974791357941427,0.9999952709571598,0.9444444444444444,1.0,1.0,0.41754385964912283,1.0,1.0,0.20877192982456141,0.9999999901031251,113726.0,56863.0,0.5,0.9999969606223831,0.9999972077386488,0.9998769122560225,0.010006506867383008,0.010006506867383008,1.0,0.020013013734766015,0.020013013734766015,1.0
smote,ulb,random,xgb,smote_leaky,4,454904,113726,56952,89,0.0015627194830734653,0.9913849658854985,0.9999867610047173,0.8725490196078431,1.0,0.9999999999999999,0.312280701754386,1.0,0.9999999999999999,0.156140350877193,0.999998261795425,113726.0,56863.0,0.5,0.9999932284057459,0.9999935046715516,0.9997714325901962,0.010006506867383008,0.010006506867383008,1.0,0.020013013734766015,0.020013013734766015,1.0
smote,ulb,random,xgb,smote_leaky,0,454904,113726,56952,89,0.0015627194830734653,0.9947692746942796,0.9999922937191638,0.8944723618090452,1.0,1.0,0.312280701754386,1.0,1.0,0.156140350877193,0.9999999975259118,113726.0,56863.0,0.5,0.9999963251992913,0.9999965987822773,0.999815379746279,0.010006506867383008,0.010006506867383008,1.0,0.020013013734766015,0.020013013734766015,1.0
smote,ulb,random,xgb,smote_leaky,1,454904,113726,56968,105,0.001843140008425783,0.9888050379472704,0.9999807390025985,0.8677685950413223,1.0,1.0,0.3684210526315789,1.0,1.0,0.18421052631578946,1.0,113726.0,56863.0,0.5,0.9999827146852834,0.9999843697074349,0.9997187011023401,0.010006506867383008,0.010006506867383008,1.0,0.020013013734766015,0.020013013734766015,1.0
smote,ulb,random,rf,smote,2,227845,56962,56962,98,0.0017204452090867595,0.8621600386831022,0.9936389581156041,0.6197183098591549,0.8979591836734694,0.7878053680391335,0.3087719298245614,0.9183673469387755,0.78967959097888,0.15789473684210525,0.923394669637389,,,,,,,,,,,,
smote,ulb,random,rf,smote,3,227845,56962,56962,98,0.0017204452090867595,0.8464280186381958,0.9865644344400676,0.6938775510204082,0.8775510204081632,0.8469893823623719,0.3017543859649123,0.8877551020408163,0.8833873106418609,0.15263157894736842,0.6786409343478279,,,,,,,,,,,,
smote,ulb,random,rf,smote,4,227845,56962,56962,98,0.0017204452090867595,0.8456545759893582,0.9846918139090189,0.7354260089686099,0.8877551020408163,0.7406059381412136,0.30526315789473685,0.9081632653061225,0.9162383010601126,0.156140350877193,0.8213381346219297,,,,,,,,,,,,
smote,ulb,random,rf,smote,0,227845,56962,56962,98,0.0017204452090867595,0.8400633286484512,0.9834451946929587,0.7677725118483413,0.8673469387755102,0.7326856718693573,0.2982456140350877,0.8877551020408163,0.7971141114633067,0.15263157894736842,0.9215347616670878,,,,,,,,,,,,
smote,ulb,random,rf,smote,1,227845,56962,56962,98,0.0017204452090867595,0.8864235975225442,0.976203067397471,0.7713004484304933,0.9183673469387755,0.7808114374637309,0.3157894736842105,0.9285714285714286,0.7827605320065264,0.15964912280701754,0.8308833550549541,,,,,,,,,,,,
smote,ulb,random,rf,smote_leaky,2,454904,113726,56961,98,0.0017204754130018785,0.9813797053813723,0.9999790043164972,0.875,1.0,0.9999999999999999,0.34385964912280703,1.0,0.9999999999999999,0.17192982456140352,0.9999967871496995,113726.0,56863.0,0.5,0.9999728487976143,0.99998471315388,0.9997274749232974,0.009988920739320823,0.009988920739320823,0.9982425307557118,0.019995427606703833,0.019995427606703833,0.9991212653778558
smote,ulb,random,rf,smote_leaky,3,454904,113726,56982,119,0.002088378786283388,0.9966824822366236,0.9999934975660946,0.8913857677902621,1.0,1.0000000000000002,0.41754385964912283,1.0,1.0000000000000002,0.20877192982456141,0.9999976595098726,113726.0,56863.0,0.5,0.9999967073102025,0.9999967857371409,0.9997450661509384,0.010006506867383008,0.010006506867383008,1.0,0.020013013734766015,0.020013013734766015,1.0
smote,ulb,random,rf,smote_leaky,4,454904,113726,56952,89,0.0015627194830734653,0.9782865036838628,0.9999794499177701,0.8240740740740741,1.0,0.9999999999999999,0.312280701754386,1.0,0.9999999999999999,0.156140350877193,0.9999976889618867,113726.0,56863.0,0.5,0.9999719101083632,0.9999837459060122,0.9996659751766815,0.009988920739320823,0.009988920739320823,0.9982425307557118,0.019995427606703833,0.019995427606703833,0.9991212653778558
smote,ulb,random,rf,smote_leaky,0,454904,113726,56952,89,0.0015627194830734653,0.9942639284215904,0.9999897249588849,0.839622641509434,1.0,1.0,0.312280701754386,1.0,1.0,0.156140350877193,0.9999976547409648,113726.0,56863.0,0.5,0.9999975890685493,0.9999976292762489,0.9997011251758087,0.010006506867383008,0.010006506867383008,1.0,0.020013013734766015,0.020013013734766015,1.0
smote,ulb,random,rf,smote_leaky,1,454904,113726,56968,105,0.001843140008425783,0.9815847466244566,0.999977556750854,0.8433734939759037,1.0,1.0,0.3684210526315789,1.0,1.0,0.18421052631578946,0.9999994189937439,113726.0,56863.0,0.5,0.9999701325691948,0.9999819835200886,0.9996308081784778,0.009988920739320823,0.009988920739320823,0.9982425307557118,0.019995427606703833,0.019995427606703833,0.9991212653778558
smote,ulb,random,lr,smote,2,227845,56962,56962,98,0.0017204452090867595,0.7858778315975556,0.9887831187624179,0.10845481049562682,0.8877551020408163,0.7294559589881617,0.30526315789473685,0.9183673469387755,0.8157404068104566,0.15789473684210525,0.8792961286599253,,,,,,,,,,,,
smote,ulb,random,lr,smote,3,227845,56962,56962,98,0.0017204452090867595,0.7408571522255835,0.9787395525880583,0.1089588377723971,0.8877551020408163,0.8474787486225634,0.30526315789473685,0.8979591836734694,0.8480388244568315,0.1543859649122807,0.5925561828756812,,,,,,,,,,,,
smote,ulb,random,lr,smote,4,227845,56962,56962,98,0.0017204452090867595,0.7250659247536364,0.9802258234469927,0.11200995644057249,0.8469387755102041,0.6923332824058787,0.2912280701754386,0.8775510204081632,0.7335574141338471,0.15087719298245614,0.7220682028289419,,,,,,,,,,,,
smote,ulb,random,lr,smote,0,227845,56962,56962,98,0.0017204452090867595,0.7268693217791518,0.9725156980349822,0.10591133004926108,0.8469387755102041,0.7329775709184285,0.2912280701754386,0.8673469387755102,0.7329775709184285,0.14912280701754385,0.8076893337459798,,,,,,,,,,,,
smote,ulb,random,lr,smote,1,227845,56962,56962,98,0.0017204452090867595,0.825383674382317,0.9836123496950834,0.11271133375078271,0.9081632653061225,0.7257909359730685,0.312280701754386,0.9183673469387755,0.727740030515864,0.15789473684210525,0.6728923103663024,,,,,,,,,,,,
smote,ulb,random,lr,smote_leaky,2,454904,113726,56961,98,0.0017204754130018785,0.7626072542844012,0.981224295989609,0.10920245398773006,0.8673469387755102,0.8156079777613741,0.2982456140350877,0.8877551020408163,0.9118758124816677,0.15263157894736842,0.9903068842869104,113726.0,56863.0,0.5,0.9903212782458454,0.9887814752666065,0.943100041691591,0.009865817842885531,0.009865817842885531,0.9859402460456942,0.01987232471026854,0.01987232471026854,0.9929701230228472
smote,ulb,random,lr,smote_leaky,3,454904,113726,56982,119,0.002088378786283388,0.7703460833630617,0.9845896749920974,0.13051146384479717,0.8571428571428571,0.7878412462551274,0.35789473684210527,0.8823529411764706,0.8549135373236966,0.18421052631578946,0.9909484466787272,113726.0,56863.0,0.5,0.9900786016999414,0.9883466601600229,0.9429182371701943,0.009848231714823347,0.009848231714823347,0.984182776801406,0.019854738582206356,0.019854738582206356,0.992091388400703
smote,ulb,random,lr,smote_leaky,4,454904,113726,56952,89,0.0015627194830734653,0.7198877935466897,0.9903515387960853,0.10054512416717142,0.8764044943820225,0.6586126787595938,0.2736842105263158,0.898876404494382,0.7246942023002796,0.14035087719298245,0.9903382212782151,113726.0,56863.0,0.5,0.9903111394615122,0.9887841278916947,0.9435390409966681,0.009795473330636793,0.009795473330636793,0.9789103690685413,0.019801980198019802,0.019801980198019802,0.9894551845342706
smote,ulb,random,lr,smote_leaky,0,454904,113726,56952,89,0.0015627194830734653,0.6822627676156802,0.9734522577130484,0.09968454258675079,0.8202247191011236,0.7948404671943408,0.256140350877193,0.8426966292134831,0.7969433067091243,0.13157894736842105,0.9902985558530157,113726.0,56863.0,0.5,0.9902232064006149,0.9886311456184355,0.94324569356301,0.009830645586761163,0.009830645586761163,0.9824253075571178,0.01983715245414417,0.01983715245414417,0.9912126537785588
smote,ulb,random,lr,smote_leaky,1,454904,113726,56968,105,0.001843140008425783,0.7727779936432859,0.9793241567242236,0.11835748792270531,0.8666666666666667,0.8913488283867637,0.3192982456140351,0.8857142857142857,0.9242917535406492,0.1631578947368421,0.9905240785420314,113726.0,56863.0,0.5,0.9905524268511391,0.989044096284125,0.9430145726092946,0.009848231714823347,0.009848231714823347,0.984182776801406,0.019854738582206356,0.019854738582206356,0.992091388400703
smote,ulb,random,mlp,smote,0,227845,56962,56962,98,0.0017204452090867595,0.8042954507649129,0.9779762742181849,0.7452830188679245,0.8469387755102041,0.7050756329494843,0.2912280701754386,0.8571428571428571,0.7081149941820807,0.14736842105263157,0.8872544568578759,,,,,,,,,,,,
smote,ulb,random,mlp,smote,1,227845,56962,56962,98,0.0017204452090867595,0.8801354859011838,0.984787459229612,0.8055555555555556,0.9081632653061225,0.7257909359730684,0.312280701754386,0.9081632653061225,0.7257909359730684,0.156140350877193,0.8394446372831552,,,,,,,,,,,,
smote,ulb,random,mlp,smote_leaky,0,454904,113726,56952,89,0.0015627194830734653,0.9962975749446104,0.9999940720916645,0.8476190476190476,1.0,1.0,0.312280701754386,1.0,1.0,0.156140350877193,0.9999999727844642,113726.0,56863.0,0.5,0.9999972584073709,0.9999973367050313,0.9997187011023401,0.010006506867383008,0.010006506867383008,1.0,0.020013013734766015,0.020013013734766015,1.0
smote,ulb,random,mlp,smote_leaky,1,454904,113726,56968,105,0.001843140008425783,0.9896424432159701,0.9999817439242021,0.8898305084745762,1.0,1.0,0.3684210526315789,1.0,1.0,0.18421052631578946,0.9999999987629994,113726.0,56863.0,0.5,0.9999891273276136,0.9999897474818719,0.9997714325901962,0.010006506867383008,0.010006506867383008,1.0,0.020013013734766015,0.020013013734766015,1.0
gap,ieee,chrono_gap,lr,weight,2,453777,118109,118109,4064,0.034408893479751755,0.35048644774348253,0.8378745035804004,0.3573635427394439,0.10580708661417323,0.06378965030097929,0.727580372250423,0.1953740157480315,0.13158548922879462,0.6717428087986463,,,,,,,,,,,,,
gap,ieee,chrono_gap,lr,weight,3,453777,118109,118109,4064,0.034408893479751755,0.35130874677709467,0.8390648555550146,0.35746294381247845,0.1062992125984252,0.0639907965437119,0.7309644670050761,0.1953740157480315,0.13143490580599157,0.6717428087986463,,,,,,,,,,,,,
gap,ieee,chrono_gap,lr,weight,4,453777,118109,118109,4064,0.034408893479751755,0.3514368436318047,0.8374993829276536,0.3526343244653104,0.10556102362204725,0.06405702990296976,0.7258883248730964,0.19586614173228348,0.13276691148602593,0.6734348561759729,,,,,,,,,,,,,
gap,ieee,chrono_gap,lr,weight,0,453777,118109,118109,4064,0.034408893479751755,0.35326219691817107,0.8353389457573558,0.35547078203572047,0.10728346456692914,0.06529790610115774,0.7377326565143824,0.19488188976377951,0.13209662129924754,0.6700507614213198,,,,,,,,,,,,,
gap,ieee,chrono_gap,lr,weight,1,453777,118109,118109,4064,0.034408893479751755,0.3528473459176011,0.8367551526835483,0.35016716522963226,0.1062992125984252,0.06441334038948088,0.7309644670050761,0.1956200787401575,0.1330557950421732,0.6725888324873096,,,,,,,,,,,,,
cv,ieee,blockcv_f1,lr,weight,0,472432,118108,118108,4732,0.04006502523114438,0.4656899436437424,0.852224377270887,0.3900130548302872,0.12151310228233306,0.075287464952374,0.9729272419627749,0.22506339814032122,0.1555696518662274,0.9010152284263959,0.42550411706369484,,,,,,,,,,,,
cv,ieee,blockcv_f0,lr,weight,0,472432,118108,118108,2826,0.02392725302265723,0.3127895241182938,0.8299908511984145,0.39293316304810555,0.12986553432413306,0.10468514224686123,0.6209813874788495,0.2484076433121019,0.18749357561797994,0.5939086294416244,0.42354968123430914,,,,,,,,,,,,
cv,ulb,randcv_f0,lgbm,weight,0,227845,56962,56962,99,0.0017380007724447878,0.8236239119527292,0.9775075198461232,0.8248587570621468,0.8585858585858586,0.5820636523430196,0.2982456140350877,0.8787878787878788,0.6557174378783265,0.15263157894736842,0.920799892433435,,,,,,,,,,,,
cv,ulb,randcv_f0,xgb,weight,0,227845,56962,56962,99,0.0017380007724447878,0.827509530836567,0.9747041311591196,0.8390804597701149,0.8585858585858586,0.5820636523430197,0.2982456140350877,0.8787878787878788,0.6342410497240523,0.15263157894736842,0.9309119341739374,,,,,,,,,,,,
cv,ulb,randcv_f0,lr,weight,0,227845,56962,56962,99,0.0017380007724447878,0.7311584293166865,0.97518899314443,0.5157232704402516,0.8383838383838383,0.5816586794035464,0.2912280701754386,0.8484848484848485,0.5816586794035464,0.14736842105263157,0.9033436924718962,,,,,,,,,,,,
cv,ulb,randcv_f1,lgbm,weight,0,227845,56962,56962,99,0.0017380007724447878,0.8590940418140326,0.9776160564546685,0.8631578947368421,0.8787878787878788,0.7203519261501778,0.30526315789473685,0.898989898989899,0.7834407647790622,0.156140350877193,0.8757761465667303,,,,,,,,,,,,
cv,ulb,randcv_f1,xgb,weight,0,227845,56962,56962,99,0.0017380007724447878,0.8756572961409587,0.9798434550382215,0.8631578947368421,0.8888888888888888,0.7398863633556813,0.3087719298245614,0.8888888888888888,0.7398863633556813,0.1543859649122807,0.8766672369938213,,,,,,,,,,,,
cv,ulb,randcv_f1,lr,weight,0,227845,56962,56962,99,0.0017380007724447878,0.7694085911283091,0.9733431602485292,0.7701149425287356,0.8787878787878788,0.7975947102397303,0.30526315789473685,0.898989898989899,0.841231445125159,0.156140350877193,0.7850067969949167,,,,,,,,,,,,
cv,ulb,blockcv_f1,lgbm,weight,0,227846,56961,56961,84,0.0014746932111444674,0.8054224958321117,0.9614837196724427,0.8590604026845637,0.8214285714285714,0.8494636453190669,0.24210526315789474,0.8214285714285714,0.8494636453190669,0.12105263157894737,0.7173355950962905,,,,,,,,,,,,
cv,ulb,blockcv_f1,xgb,weight,0,227846,56961,56961,84,0.0014746932111444674,0.8122217185712706,0.9541326437919084,0.8220858895705522,0.8214285714285714,0.849463645319067,0.24210526315789474,0.8214285714285714,0.849463645319067,0.12105263157894737,0.7401978942907387,,,,,,,,,,,,
cv,ulb,blockcv_f1,rf,weight,0,227846,56961,56961,84,0.0014746932111444674,0.806354399204223,0.9437399166287821,0.8533333333333334,0.8095238095238095,0.8271010750036207,0.23859649122807017,0.8333333333333334,0.8275204941833373,0.12280701754385964,0.7307755276807626,,,,,,,,,,,,
cv,ulb,blockcv_f1,lr,weight,0,227846,56961,56961,84,0.0014746932111444674,0.7499493810007847,0.9573903000375915,0.45045045045045046,0.7738095238095238,0.8270465863580505,0.22807017543859648,0.7738095238095238,0.8270465863580505,0.11403508771929824,0.6686679772502955,,,,,,,,,,,,
cv,ulb,blockcv_f0,lgbm,weight,0,227846,56961,56961,157,0.002756271835115254,0.8496669143595876,0.9896074646218957,0.8192771084337349,0.9171974522292994,0.9492583511223301,0.5052631578947369,0.9554140127388535,0.9923047109547422,0.2631578947368421,0.7308498973735965,,,,,,,,,,,,
cv,ulb,blockcv_f0,xgb,weight,0,227846,56961,56961,157,0.002756271835115254,0.768620610097494,0.9879076314263326,0.7865168539325843,0.9299363057324841,0.9043865691233891,0.512280701754386,0.9617834394904459,0.9923555844731347,0.2649122807017544,0.7467074723880354,,,,,,,,,,,,
cv,ulb,blockcv_f0,rf,weight,0,227846,56961,56961,157,0.002756271835115254,0.733957282451351,0.9836702425638814,0.8168168168168168,0.9235668789808917,0.8973707093040304,0.5087719298245614,0.9426751592356688,0.9498782047806384,0.2596491228070175,0.7346740305628532,,,,,,,,,,,,
cv,ulb,blockcv_f0,lr,weight,0,227846,56961,56961,157,0.002756271835115254,0.7253994655790528,0.9903062020840911,0.7588424437299035,0.910828025477707,0.8969101700848987,0.5017543859649123,0.910828025477707,0.8969101700848987,0.25087719298245614,0.6730202420976941,,,,,,,,,,,,
cv,ulb,randcv_f4,lgbm,weight,0,227846,56961,56961,98,0.0017204754130018785,0.8513334333867084,0.9876700605501156,0.8777777777777778,0.8571428571428571,0.8814000725608325,0.29473684210526313,0.8877551020408163,0.9496141596564283,0.15263157894736842,0.8942512944066691,,,,,,,,,,,,
cv,ulb,randcv_f4,xgb,weight,0,227846,56961,56961,98,0.0017204754130018785,0.8536216685278897,0.9838065856101686,0.83,0.8673469387755102,0.881447776914357,0.2982456140350877,0.8673469387755102,0.881447776914357,0.14912280701754385,0.8881817910969189,,,,,,,,,,,,
cv,ulb,randcv_f4,lr,weight,0,227846,56961,56961,98,0.0017204754130018785,0.7265123227509592,0.9847340744151626,0.7960199004975125,0.8673469387755102,0.8819022236505631,0.2982456140350877,0.8775510204081632,0.9014804669502984,0.15087719298245614,0.8249519505387274,,,,,,,,,,,,
cv,ulb,randcv_f3,lgbm,weight,0,227846,56961,56961,98,0.0017204754130018785,0.8347032088598642,0.9841218797632835,0.8222222222222222,0.9081632653061225,0.9310542739537674,0.312280701754386,0.9285714285714286,0.9334623461110881,0.15964912280701754,0.8460962281115115,,,,,,,,,,,,
cv,ulb,randcv_f3,xgb,weight,0,227846,56961,56961,98,0.0017204754130018785,0.8625368906475053,0.9792487277871949,0.8349514563106796,0.9081632653061225,0.9310542739537675,0.312280701754386,0.9285714285714286,0.9663843108484275,0.15964912280701754,0.852331089570859,,,,,,,,,,,,
cv,ulb,randcv_f3,lr,weight,0,227846,56961,56961,98,0.0017204754130018785,0.8095566121379604,0.9765971703561047,0.7544910179640718,0.8979591836734694,0.847545326031759,0.3087719298245614,0.9081632653061225,0.8606225303223697,0.156140350877193,0.7614388452458585,,,,,,,,,,,,
cv,ulb,randcv_f2,lgbm,weight,0,227846,56961,56961,98,0.0017204754130018785,0.8605359632680161,0.9903423444892792,0.8729281767955801,0.8673469387755102,0.8102956786683216,0.2982456140350877,0.8979591836734694,0.8611629291796513,0.1543859649122807,0.8522078318402613,,,,,,,,,,,,
cv,ulb,randcv_f2,xgb,weight,0,227846,56961,56961,98,0.0017204754130018785,0.8475959359018211,0.9939114312344709,0.8541666666666666,0.8673469387755102,0.8098773490163802,0.2982456140350877,0.8979591836734694,0.8611629291796513,0.1543859649122807,0.8644669615353189,,,,,,,,,,,,
cv,ulb,randcv_f2,lr,weight,0,227846,56961,56961,98,0.0017204754130018785,0.723309815622144,0.983245534289899,0.7151515151515152,0.8367346938775511,0.7568544062921139,0.28771929824561404,0.8571428571428571,0.7582953952397627,0.14736842105263157,0.8115073637144525,,,,,,,,,,,,
cv,ulb,blockcv_f2,lgbm,weight,0,227845,56962,56962,119,0.002089112039605351,0.7495042171714532,0.9205293010366014,0.7868852459016393,0.8403361344537815,0.7366983578219535,0.3508771929824561,0.8571428571428571,0.739195532211954,0.17894736842105263,0.7203395289848448,,,,,,,,,,,,
cv,ulb,blockcv_f2,xgb,weight,0,227845,56962,56962,119,0.002089112039605351,0.8055330291582599,0.9821310118966926,0.825531914893617,0.8991596638655462,0.7493907763224963,0.37543859649122807,0.907563025210084,0.7893943221860249,0.18947368421052632,0.7315423975912198,,,,,,,,,,,,
cv,ulb,blockcv_f2,lr,weight,0,227845,56962,56962,119,0.002089112039605351,0.8423400680899661,0.9816574238019892,0.7589743589743589,0.8739495798319328,0.698022737849877,0.3649122807017544,0.8823529411764706,0.6986423775014959,0.18421052631578946,0.6707405239783856,,,,,,,,,,,,
cv,ulb,blockcv_f4,lgbm,weight,0,227845,56962,56962,75,0.001316667251852112,0.8010180683225421,0.987652949414336,0.7479674796747967,0.8533333333333334,0.7903693238421271,0.22456140350877193,0.88,0.822100692692444,0.11578947368421053,0.8514510332729526,,,,,,,,,,,,
cv,ulb,blockcv_f4,xgb,weight,0,227845,56962,56962,75,0.001316667251852112,0.7997255063961045,0.9844789377772308,0.7733333333333333,0.8133333333333334,0.7360885776904904,0.21403508771929824,0.8666666666666667,0.8210656647596277,0.11403508771929824,0.855265344134806,,,,,,,,,,,,
cv,ulb,blockcv_f4,lr,weight,0,227845,56962,56962,75,0.001316667251852112,0.7865647811033022,0.9857415578251622,0.08384710234278668,0.8666666666666667,0.6937248844003177,0.22807017543859648,0.88,0.6959747763692772,0.11578947368421053,0.8428088757994577,,,,,,,,,,,,
cv,ulb,blockcv_f3,lgbm,weight,0,227846,56961,56961,57,0.0010006846789908884,0.7277563333172254,0.9636630237198507,0.5957446808510638,0.8070175438596491,0.6361027512674667,0.16140350877192983,0.8596491228070176,0.8325472218747472,0.08596491228070176,0.7376448708532654,,,,,,,,,,,,
cv,ulb,blockcv_f3,xgb,weight,0,227846,56961,56961,57,0.0010006846789908884,0.7755447237199922,0.986778902479029,0.8155339805825242,0.8070175438596491,0.6935955830592367,0.16140350877192983,0.8421052631578947,0.8674664318552148,0.08421052631578947,0.7499868106340084,,,,,,,,,,,,
cv,ulb,blockcv_f3,lr,weight,0,227846,56961,56961,57,0.0010006846789908884,0.7720780138645362,0.9699136249170656,0.21875,0.8070175438596491,0.6345288931730533,0.16140350877192983,0.8070175438596491,0.6345288931730533,0.08070175438596491,0.6734202903695174,,,,,,,,,,,,
main,ieee,chrono,lr,weight,2,472431,118109,118109,4064,0.034408893479751755,0.3595010701713427,0.8402382412764957,0.3614167812929849,0.10999015748031496,0.06703320273479407,0.7563451776649747,0.1968503937007874,0.13249142445392678,0.676818950930626,0.4707263773960405,,,,,,,,,,,,
main,ieee,chrono,lr,weight,3,472431,118109,118109,4064,0.034408893479751755,0.3599832190470822,0.8399647897656092,0.35866366626276613,0.10974409448818898,0.06727723556130476,0.754653130287648,0.1968503937007874,0.13444799408702252,0.676818950930626,0.47057155248391647,,,,,,,,,,,,
main,ieee,chrono,lr,weight,4,472431,118109,118109,4064,0.034408893479751755,0.36098126378526324,0.8391592417328703,0.3549965059399022,0.1109744094488189,0.06802093037110145,0.7631133671742809,0.19783464566929135,0.1342490251278459,0.6802030456852792,0.4706200840115352,,,,,,,,,,,,
main,ieee,chrono,lr,weight,0,472431,118109,118109,4064,0.034408893479751755,0.3597501975912158,0.8407820966944599,0.3570437196391395,0.11023622047244094,0.06715401410029817,0.7580372250423012,0.19635826771653545,0.13177395705756761,0.6751269035532995,0.47032338956337816,,,,,,,,,,,,
main,ieee,chrono,lr,weight,1,472431,118109,118109,4064,0.034408893479751755,0.3607626972874715,0.8394772065989285,0.35213253436728936,0.11072834645669291,0.06792360677986163,0.7614213197969543,0.19660433070866143,0.1317800970627763,0.6759729272419628,0.47055845390227186,,,,,,,,,,,,
main,ieee,chrono,mlp,weight,0,472431,118109,118109,4064,0.034408893479751755,0.44719333855695953,0.8540597211247252,0.45145098039215686,0.13213582677165353,0.08223590317761682,0.9086294416243654,0.23228346456692914,0.16131782913759424,0.7986463620981388,0.5467696020362123,,,,,,,,,,,,
main,ieee,chrono,mlp,weight,1,472431,118109,118109,4064,0.034408893479751755,0.46865870478563704,0.8671906085558849,0.4673791673313128,0.1328740157480315,0.0933393590748759,0.9137055837563451,0.2372047244094488,0.1647517545232935,0.8155668358714044,0.5511821502237515,,,,,,,,,,,,
main,ieee,random,lr,weight,2,472432,118108,118108,4133,0.0349933958749619,0.4775114768491085,0.8723588998759019,0.4092972580352279,0.13670457294943142,0.08245857988797813,0.9560067681895094,0.24679409629808854,0.1585342998317444,0.8629441624365483,0.4618286273621971,,,,,,,,,,,,
main,ieee,random,lr,weight,3,472432,118108,118108,4133,0.0349933958749619,0.4723372440119982,0.8620526445033626,0.4292285916489738,0.13718848294217276,0.0770705726479834,0.9593908629441624,0.2518751512218727,0.1553505921265215,0.8807106598984772,0.4606411825611974,,,,,,,,,,,,
main,ieee,random,lr,weight,4,472432,118108,118108,4133,0.0349933958749619,0.4658542107244276,0.8612130187391199,0.4284712482468443,0.1376723929349141,0.0890163222912202,0.9627749576988156,0.2472780062908299,0.17087788046894453,0.8646362098138748,0.4808520572456332,,,,,,,,,,,,
main,ieee,random,lr,weight,0,472432,118108,118108,4133,0.0349933958749619,0.4742229960328398,0.8636392748737725,0.42930454786763406,0.1376723929349141,0.08681643469925125,0.9627749576988156,0.24679409629808854,0.16499759293096297,0.8629441624365483,0.4541432401950536,,,,,,,,,,,,
main,ieee,random,lr,weight,1,472432,118108,118108,4133,0.0349933958749619,0.48094555397479294,0.8665964531913142,0.42364355012576355,0.13839825792402613,0.08745347988307738,0.9678510998307953,0.2511492862327607,0.17083172141161226,0.8781725888324873,0.4652147696354115,,,,,,,,,,,,
main,ieee,random,mlp,weight,0,472432,118108,118108,4133,0.0349933958749619,0.7156804153118945,0.9323081429293284,0.6729115873219556,0.14299540285506895,0.11348541274874221,1.0,0.28332930075006046,0.21967722600631348,0.9906937394247038,0.7031046865087084,,,,,,,,,,,,
main,ieee,random,mlp,weight,1,472432,118108,118108,4133,0.0349933958749619,0.7177680263345102,0.9367173059704292,0.6800670016750419,0.14251149286232762,0.11360303057129154,0.9966159052453468,0.28332930075006046,0.20757843132379356,0.9906937394247038,0.7015312807653893,,,,,,,,,,,,
main,ulb,chrono,lgbm,weight,2,227845,56962,56962,75,0.001316667251852112,0.7522241351579425,0.9299842377578943,0.8028169014084507,0.7733333333333333,0.5557090846989233,0.20350877192982456,0.8133333333333334,0.6856775422226709,0.10701754385964912,0.8469530046413212,,,,,,,,,,,,
main,ulb,chrono,lgbm,weight,3,227845,56962,56962,75,0.001316667251852112,0.7751531527345076,0.9836375035889864,0.7786259541984732,0.8266666666666667,0.7727557359954254,0.21754385964912282,0.8533333333333334,0.8201017949971924,0.11228070175438597,0.8452213645218287,,,,,,,,,,,,
main,ulb,chrono,lgbm,weight,4,227845,56962,56962,75,0.001316667251852112,0.7865784690767219,0.9848891076461523,0.7755102040816326,0.8266666666666667,0.7740922158136744,0.21754385964912282,0.8533333333333334,0.8214382748154416,0.11228070175438597,0.8545659063109897,,,,,,,,,,,,
main,ulb,chrono,lgbm,weight,0,227845,56962,56962,75,0.001316667251852112,0.8010180683225421,0.987652949414336,0.7479674796747967,0.8533333333333334,0.7903693238421271,0.22456140350877193,0.88,0.822100692692444,0.11578947368421053,0.8514510332729526,,,,,,,,,,,,
main,ulb,chrono,lgbm,weight,1,227845,56962,56962,75,0.001316667251852112,0.7878823626645475,0.9826992693116764,0.7482993197278912,0.84,0.819746004145287,0.22105263157894736,0.8666666666666667,0.8229093082649568,0.11403508771929824,0.8542404180206371,,,,,,,,,,,,
main,ulb,chrono,xgb,weight,2,227845,56962,56962,75,0.001316667251852112,0.8071780072501692,0.985120443452224,0.8169014084507042,0.8266666666666667,0.773434973076336,0.21754385964912282,0.88,0.7780395535924526,0.11578947368421053,0.8533234205428305,,,,,,,,,,,,
main,ulb,chrono,xgb,weight,3,227845,56962,56962,75,0.001316667251852112,0.7963214034511931,0.9843444020602247,0.8085106382978723,0.8266666666666667,0.6936200878221203,0.21754385964912282,0.84,0.7756848650452955,0.11052631578947368,0.8643411912511847,,,,,,,,,,,,
main,ulb,chrono,xgb,weight,4,227845,56962,56962,75,0.001316667251852112,0.7746382221373818,0.9777396124480695,0.5471698113207547,0.8133333333333334,0.6617373461366289,0.21403508771929824,0.84,0.7447155355105147,0.11052631578947368,0.8586108646086069,,,,,,,,,,,,
main,ulb,chrono,xgb,weight,0,227845,56962,56962,75,0.001316667251852112,0.7997255063961045,0.9844789377772308,0.7733333333333333,0.8133333333333334,0.7360885776904904,0.21403508771929824,0.8666666666666667,0.8210656647596277,0.11403508771929824,0.855265344134806,,,,,,,,,,,,
main,ulb,chrono,xgb,weight,1,227845,56962,56962,75,0.001316667251852112,0.80256451733278,0.9898385688587317,0.8260869565217391,0.8133333333333334,0.7718423238447147,0.21403508771929824,0.84,0.7744984642773048,0.11052631578947368,0.8569231737989337,,,,,,,,,,,,
main,ulb,chrono,rf,weight,2,227845,56962,56962,75,0.001316667251852112,0.7963001265455383,0.9882821499932615,0.8059701492537313,0.8266666666666667,0.692405223785977,0.21754385964912282,0.8666666666666667,0.7391225033185582,0.11403508771929824,0.8441104122625124,,,,,,,,,,,,
main,ulb,chrono,rf,weight,3,227845,56962,56962,75,0.001316667251852112,0.8004179196574389,0.9853138092475727,0.8120300751879699,0.84,0.7392518818101604,0.22105263157894736,0.8533333333333334,0.8213166590333356,0.11228070175438597,0.8399471213117291,,,,,,,,,,,,
main,ulb,chrono,rf,weight,4,227845,56962,56962,75,0.001316667251852112,0.7881207631248967,0.9727902684268814,0.7851851851851852,0.8133333333333334,0.6913701958531606,0.21403508771929824,0.8666666666666667,0.6937248844003177,0.11403508771929824,0.8503677146727608,,,,,,,,,,,,
main,ulb,chrono,rf,weight,0,227845,56962,56962,75,0.001316667251852112,0.8105930208336287,0.9648642630712347,0.7733333333333333,0.88,0.7422858074382283,0.23157894736842105,0.88,0.7422858074382283,0.11578947368421053,0.8366804958237849,,,,,,,,,,,,
main,ulb,chrono,rf,weight,1,227845,56962,56962,75,0.001316667251852112,0.7876132784519548,0.9872799292163997,0.8031496062992126,0.8,0.6897775466215395,0.21052631578947367,0.8133333333333334,0.6897775466215395,0.10701754385964912,0.8444997230502519,,,,,,,,,,,,
main,ulb,chrono,lr,weight,2,227845,56962,56962,75,0.001316667251852112,0.7865469851482211,0.985726791709881,0.084472049689441,0.8666666666666667,0.6937248844003177,0.22807017543859648,0.8666666666666667,0.6937248844003177,0.11403508771929824,0.8428082664538017,,,,,,,,,,,,
main,ulb,chrono,lr,weight,3,227845,56962,56962,75,0.001316667251852112,0.7863864833210734,0.9857431985046378,0.08207604103802052,0.8666666666666667,0.6937248844003177,0.22807017543859648,0.88,0.6959747763692772,0.11578947368421053,0.8429159902310174,,,,,,,,,,,,
main,ulb,chrono,lr,weight,4,227845,56962,56962,75,0.001316667251852112,0.7863806051013704,0.9857457767152424,0.08202653799758745,0.8666666666666667,0.6937248844003177,0.22807017543859648,0.88,0.6959747763692772,0.11578947368421053,0.8429159483118472,,,,,,,,,,,,
main,ulb,chrono,lr,weight,0,227845,56962,56962,75,0.001316667251852112,0.7865647811033022,0.9857415578251622,0.08384710234278668,0.8666666666666667,0.6937248844003177,0.22807017543859648,0.88,0.6959747763692772,0.11578947368421053,0.8428088757994577,,,,,,,,,,,,
main,ulb,chrono,lr,weight,1,227845,56962,56962,75,0.001316667251852112,0.7867299584766323,0.9856737040097034,0.08774193548387096,0.8666666666666667,0.6937248844003177,0.22807017543859648,0.8666666666666667,0.6937248844003177,0.11403508771929824,0.8428088037777406,,,,,,,,,,,,
main,ulb,chrono,mlp,weight,2,227845,56962,56962,75,0.001316667251852112,0.8151868741215215,0.9838611047632441,0.8296296296296296,0.8666666666666667,0.7764469043608314,0.22807017543859648,0.88,0.8227579354297824,0.11578947368421053,0.8516973093059572,,,,,,,,,,,,
main,ulb,chrono,mlp,weight,3,227845,56962,56962,75,0.001316667251852112,0.8174687204456007,0.9864667381534153,0.5904761904761905,0.88,0.8227579354297825,0.23157894736842105,0.8933333333333333,0.9646848469323066,0.11754385964912281,0.8515428784736812,,,,,,,,,,,,
main,ulb,chrono,mlp,weight,4,227845,56962,56962,75,0.001316667251852112,0.813785725080568,0.9915929239838042,0.26693227091633465,0.8666666666666667,0.7757896616234932,0.22807017543859648,0.8933333333333333,0.8243505846614037,0.11754385964912281,0.853476579960288,,,,,,,,,,,,
main,ulb,chrono,mlp,weight,0,227845,56962,56962,75,0.001316667251852112,0.7882824722624239,0.9888277931103181,0.30952380952380953,0.84,0.6921322351686967,0.22105263157894736,0.88,0.8227579354297824,0.11578947368421053,0.8535278024080702,,,,,,,,,,,,
main,ulb,chrono,mlp,weight,1,227845,56962,56962,75,0.001316667251852112,0.8216160715249897,0.9815041515050305,0.8321167883211679,0.8533333333333334,0.694382127137656,0.22456140350877193,0.8666666666666667,0.740693158206607,0.11403508771929824,0.8466182240381803,,,,,,,,,,,,
main,ulb,random,lgbm,weight,2,227845,56962,56962,98,0.0017204452090867595,0.8810381827966277,0.987760987906699,0.865979381443299,0.8877551020408163,0.7294559589881617,0.30526315789473685,0.9081632653061225,0.7556394101563035,0.156140350877193,0.9287804517767376,,,,,,,,,,,,
main,ulb,random,lgbm,weight,3,227845,56962,56962,98,0.0017204452090867595,0.8710249515904609,0.9848788875426366,0.8645833333333334,0.8877551020408163,0.8475494581966398,0.30526315789473685,0.8877551020408163,0.8475494581966398,0.15263157894736842,0.678667041632585,,,,,,,,,,,,
main,ulb,random,lgbm,weight,4,227845,56962,56962,98,0.0017204452090867595,0.8463420225412898,0.9816614004915416,0.8494623655913979,0.8673469387755102,0.7097751142171382,0.2982456140350877,0.8775510204081632,0.7098375414196274,0.15087719298245614,0.8409619058292471,,,,,,,,,,,,
main,ulb,random,lgbm,weight,0,227845,56962,56962,98,0.0017204452090867595,0.8163686667333258,0.9730235334144913,0.8202247191011236,0.8469387755102041,0.7317548047987801,0.2912280701754386,0.8775510204081632,0.7968914255908196,0.15087719298245614,0.9453665980046403,,,,,,,,,,,,
main,ulb,random,lgbm,weight,1,227845,56962,56962,98,0.0017204452090867595,0.8783003901323924,0.9873261875093313,0.8787878787878788,0.9081632653061225,0.7257909359730685,0.312280701754386,0.9081632653061225,0.7257909359730685,0.156140350877193,0.8663941516919659,,,,,,,,,,,,
main,ulb,random,xgb,weight,2,227845,56962,56962,98,0.0017204452090867595,0.8876410563113822,0.9931910580777049,0.8663101604278075,0.8979591836734694,0.7295172766564443,0.3087719298245614,0.9387755102040817,0.9873193448368505,0.16140350877192983,0.9320502192057764,,,,,,,,,,,,
main,ulb,random,xgb,weight,3,227845,56962,56962,98,0.0017204452090867595,0.8101212916401721,0.9807263912177138,0.8397790055248618,0.8877551020408163,0.8478189946918812,0.30526315789473685,0.8979591836734694,0.8480388244568314,0.1543859649122807,0.6873223834440573,,,,,,,,,,,,
main,ulb,random,xgb,weight,4,227845,56962,56962,98,0.0017204452090867595,0.8374704571393515,0.9839376873428043,0.8602150537634409,0.8469387755102041,0.692384209860541,0.2912280701754386,0.8775510204081632,0.6937157163767909,0.15087719298245614,0.8542020487834193,,,,,,,,,,,,
main,ulb,random,xgb,weight,0,227845,56962,56962,98,0.0017204452090867595,0.8449921369029624,0.9801897545737485,0.8248587570621468,0.8673469387755102,0.7329775709184286,0.2982456140350877,0.8979591836734694,0.7971141114633068,0.1543859649122807,0.9433866897172045,,,,,,,,,,,,
main,ulb,random,xgb,weight,1,227845,56962,56962,98,0.0017204452090867595,0.8974211918472256,0.9921344733729169,0.8808290155440415,0.9081632653061225,0.7257909359730684,0.312280701754386,0.9183673469387755,0.7808114374637309,0.15789473684210525,0.8626752294578552,,,,,,,,,,,,
main,ulb,random,rf,weight,2,227845,56962,56962,98,0.0017204452090867595,0.8498047343843161,0.9857088305215164,0.83,0.9081632653061225,0.7556394101563035,0.312280701754386,0.9183673469387755,0.8139888192072754,0.15789473684210525,0.9236769106757856,,,,,,,,,,,,
main,ulb,random,rf,weight,3,227845,56962,56962,98,0.0017204452090867595,0.8608686062489496,0.9764409245690397,0.8677248677248677,0.8673469387755102,0.8464951154386305,0.2982456140350877,0.8877551020408163,0.8974522150299151,0.15263157894736842,0.6848501184744937,,,,,,,,,,,,
main,ulb,random,rf,weight,4,227845,56962,56962,98,0.0017204452090867595,0.8308210810285472,0.979844049676708,0.851063829787234,0.8469387755102041,0.6928154504040519,0.2912280701754386,0.8571428571428571,0.6928778776065411,0.14736842105263157,0.8421075161465237,,,,,,,,,,,,
main,ulb,random,rf,weight,0,227845,56962,56962,98,0.0017204452090867595,0.8306170962556667,0.9789812678729342,0.8306010928961749,0.8571428571428571,0.7321750993058619,0.29473684210526313,0.8673469387755102,0.7329775709184285,0.14912280701754385,0.9335713514025421,,,,,,,,,,,,
main,ulb,random,rf,weight,1,227845,56962,56962,98,0.0017204452090867595,0.8848427807086037,0.9773867006707015,0.875,0.9081632653061225,0.7257909359730684,0.312280701754386,0.9183673469387755,0.7277400305158638,0.15789473684210525,0.8439938956445696,,,,,,,,,,,,
main,ulb,random,lr,weight,2,227845,56962,56962,98,0.0017204452090867595,0.8083038685273085,0.9920616178379061,0.8393782383419689,0.8979591836734694,0.8136757763744636,0.3087719298245614,0.9183673469387755,0.8139888192072755,0.15789473684210525,0.8815106399809852,,,,,,,,,,,,
main,ulb,random,lr,weight,3,227845,56962,56962,98,0.0017204452090867595,0.7541146335083702,0.9790694661376086,0.675,0.8979591836734694,0.8480388244568314,0.3087719298245614,0.8979591836734694,0.8480388244568314,0.1543859649122807,0.6248063905818395,,,,,,,,,,,,
main,ulb,random,lr,weight,4,227845,56962,56962,98,0.0017204452090867595,0.7289707441237883,0.9805874094150885,0.7920792079207921,0.8469387755102041,0.6923332824058787,0.2912280701754386,0.8673469387755102,0.6940705657383084,0.14912280701754385,0.7537199351901088,,,,,,,,,,,,
main,ulb,random,lr,weight,0,227845,56962,56962,98,0.0017204452090867595,0.7164749509962167,0.9749924273310899,0.7643979057591623,0.8469387755102041,0.7329775709184285,0.2912280701754386,0.8571428571428571,0.7329775709184285,0.14736842105263157,0.8215338949043538,,,,,,,,,,,,
main,ulb,random,lr,weight,1,227845,56962,56962,98,0.0017204452090867595,0.8031909631399654,0.987406579823826,0.8114285714285714,0.8979591836734694,0.7255203006827471,0.3087719298245614,0.9081632653061225,0.7257909359730685,0.156140350877193,0.6910181066473123,,,,,,,,,,,,
main,ulb,random,mlp,weight,2,227845,56962,56962,98,0.0017204452090867595,0.8478463630514488,0.9857825832921802,0.8144329896907216,0.8877551020408163,0.7877246868966563,0.30526315789473685,0.9081632653061225,0.7878473222332216,0.156140350877193,0.945938513655072,,,,,,,,,,,,
main,ulb,random,mlp,weight,3,227845,56962,56962,98,0.0017204452090867595,0.8383368378089446,0.9747135664901865,0.688,0.8775510204081632,0.8469893823623719,0.3017543859649123,0.8877551020408163,0.8473457306119249,0.15263157894736842,0.70030168052269,,,,,,,,,,,,
main,ulb,random,mlp,weight,4,227845,56962,56962,98,0.0017204452090867595,0.8290420929366367,0.9705460863298612,0.7330316742081447,0.8571428571428571,0.7217866008223963,0.29473684210526313,0.8775510204081632,0.7234729567001638,0.15087719298245614,0.8462507943364739,,,,,,,,,,,,
main,ulb,random,mlp,weight,0,227845,56962,56962,98,0.0017204452090867595,0.8377085308087313,0.9768134568121003,0.7938144329896907,0.8775510204081632,0.7966035388998112,0.3017543859649123,0.8877551020408163,0.7971141114633068,0.15263157894736842,0.9185687244690507,,,,,,,,,,,,
main,ulb,random,mlp,weight,1,227845,56962,56962,98,0.0017204452090867595,0.8714909058994568,0.9792400306352141,0.8093023255813954,0.9081632653061225,0.7257909359730684,0.312280701754386,0.9285714285714286,0.7827605320065264,0.15964912280701754,0.8359996540021032,,,,,,,,,,,,
