model,split,x,pr_auc,n_fraud
lgbm,chrono,1,0.604,640.0
lgbm,chrono,2,0.6713,663.0
lgbm,chrono,3,0.5764,560.0
lgbm,chrono,4,0.5342,741.0
lgbm,chrono,5,0.6219,743.0
lgbm,chrono,6,0.5869,717.0
lgbm,random,1,0.8625,123.3333
lgbm,random,2,0.8712,136.0
lgbm,random,3,0.8691,107.3333
lgbm,random,4,0.8511,145.3333
lgbm,random,5,0.8735,156.0
lgbm,random,6,0.89,141.3333
lr,chrono,1,0.3245,640.0
lr,chrono,2,0.3837,663.0
lr,chrono,3,0.2954,560.0
lr,chrono,4,0.3302,741.0
lr,chrono,5,0.4035,743.0
lr,chrono,6,0.4328,717.0
lr,random,1,0.4136,127.0
lr,random,2,0.4268,137.4
lr,random,3,0.3491,111.2
lr,random,4,0.4008,145.8
lr,random,5,0.5205,147.2
lr,random,6,0.4766,142.2
mlp,chrono,1,0.4288,640.0
mlp,chrono,2,0.4956,663.0
mlp,chrono,3,0.3878,560.0
mlp,chrono,4,0.404,741.0
mlp,chrono,5,0.4974,743.0
mlp,chrono,6,0.4981,717.0
mlp,random,1,0.7183,127.0
mlp,random,2,0.7072,137.4
mlp,random,3,0.684,111.2
mlp,random,4,0.692,145.8
mlp,random,5,0.7486,147.2
mlp,random,6,0.7349,142.2
rf,chrono,1,0.4819,640.0
rf,chrono,2,0.5736,663.0
rf,chrono,3,0.4788,560.0
rf,chrono,4,0.4869,741.0
rf,chrono,5,0.5671,743.0
rf,chrono,6,0.5475,717.0
rf,random,1,0.688,127.0
rf,random,2,0.7315,137.4
rf,random,3,0.6977,111.2
rf,random,4,0.7091,145.8
rf,random,5,0.7639,147.2
rf,random,6,0.7591,142.2
xgb,chrono,1,0.6113,640.0
xgb,chrono,2,0.6822,663.0
xgb,chrono,3,0.573,560.0
xgb,chrono,4,0.5361,741.0
xgb,chrono,5,0.6115,743.0
xgb,chrono,6,0.5606,717.0
xgb,random,1,0.8633,125.6667
xgb,random,2,0.8817,138.6667
xgb,random,3,0.8573,108.0
xgb,random,4,0.8629,149.3333
xgb,random,5,0.8779,147.0
xgb,random,6,0.8867,144.3333
